Zeros_x,Zeros_y,Poles_x,Poles_y
,,0.7606060606060605,0.5879310344827586
