Zeros_x,Zeros_y,Poles_x,Poles_y
,,-0.7787878787878788,0.5689655172413793
