Zeros_x,Zeros_y,Poles_x,Poles_y
,,0.9666666666666668,0.04425287356321839
,,0.9666666666666668,-0.04425287356321839
