Zeros_x,Zeros_y,Poles_x,Poles_y
,,0.9727272727272727,0.10747126436781607
,,0.9727272727272727,-0.10747126436781607
